customer_id,name,age,gender,city,income_level,account_type,balance
C0001,Chasmum Bath,23,Female,Hyderabad,Low,Savings,11279.21
C0002,Karan Palla,65,Male,Nagpur,Low,Savings,6340.87
C0003,Vedant Minhas,36,Male,Hyderabad,Medium,Salary,147482.67
C0004,Harita Chad,36,Female,Chennai,Premium,Savings,3986990.94
C0005,Daksha Sawhney,49,Female,Chennai,Medium,Savings,82297.06
C0006,Saanvi Mukhopadhyay,28,Male,Nagpur,High,Savings,415387.63
C0007,Eiravati Madan,60,Female,Mumbai,High,Salary,475654.93
C0008,Qushi Rao,46,Male,Chennai,Low,Salary,32833.39
C0009,Tara Salvi,58,Male,Delhi,High,Savings,596757.99
C0010,Ethan Korpal,27,Male,Delhi,High,Current,366784.16
C0011,Triya Korpal,32,Female,Pune,High,Savings,602105.1
C0012,Nirja Ganesh,60,Male,Hyderabad,Low,Savings,25801.71
C0013,Advik Narasimhan,62,Male,Pune,High,Savings,337428.84
C0014,Ridhi Tank,42,Female,Chennai,Low,Savings,14494.23
C0015,Patrick Shenoy,35,Female,Nagpur,High,Salary,475311.11
C0016,Edhitha Mohan,30,Male,Chennai,High,Salary,550751.59
C0017,Caleb Dhar,45,Male,Bangalore,Premium,Salary,2872766.51
C0018,Ishaan Dubey,29,Male,Bangalore,Low,Salary,23997.2
C0019,Sai Basu,46,Female,Kolkata,Low,Salary,16313.64
C0020,Girish Bora,65,Male,Chennai,Low,Salary,20307.9
C0021,Irya Menon,49,Male,Kolkata,High,Savings,772289.56
C0022,Nilima Chopra,54,Male,Delhi,High,Salary,379066.87
C0023,Charles Raghavan,31,Female,Bangalore,Medium,Salary,193024.96
C0024,Urvashi Dube,60,Female,Kolkata,Low,Savings,10034.05
C0025,Michael Saha,41,Male,Mumbai,High,Savings,726805.76
C0026,Kavya Basu,27,Female,Delhi,Low,Salary,39462.55
C0027,Niharika Thaker,64,Female,Bangalore,Medium,Current,129151.07
C0028,Falguni Dutt,35,Male,Chennai,Premium,Current,4979627.3
C0029,Abhiram Bhagat,50,Female,Delhi,High,Savings,334818.4
C0030,Onveer Dhawan,23,Male,Hyderabad,High,Savings,242595.85
C0031,Krish Khatri,36,Male,Mumbai,Low,Current,8188.58
C0032,Charvi Raman,39,Female,Hyderabad,Medium,Salary,69846.78
C0033,Victor Randhawa,37,Female,Nagpur,Premium,Savings,1196168.35
C0034,Chakradhar Yogi,44,Female,Nagpur,Premium,Current,4428114.34
C0035,Jagdish Chanda,65,Male,Mumbai,Low,Current,37769.61
C0036,Abdul Kota,37,Male,Hyderabad,Low,Salary,25187.61
C0037,Chaitanya Garde,33,Female,Kolkata,Premium,Savings,4472841.01
C0038,Dhruv Sarna,50,Male,Mumbai,Low,Salary,49967.71
C0039,Frederick Goyal,27,Male,Bangalore,Low,Current,26853.85
C0040,Nachiket Bahri,47,Male,Bangalore,Medium,Current,50323.31
C0041,Gabriel Pathak,38,Female,Chennai,Premium,Current,3725684.32
C0042,Arin Babu,31,Male,Chennai,Premium,Savings,4868579.33
C0043,Veda Merchant,42,Male,Mumbai,Low,Salary,26455.48
C0044,Pooja Rout,25,Male,Bangalore,Medium,Savings,139255.27
C0045,Urvashi Mohanty,47,Male,Hyderabad,Medium,Salary,139177.87
C0046,Nisha Warrior,48,Female,Chennai,Low,Savings,35137.67
C0047,Qadim Narayanan,37,Female,Nagpur,High,Savings,603014.13
C0048,Hemangini Bhavsar,51,Female,Delhi,High,Savings,474971.31
C0049,Ekalinga Viswanathan,26,Male,Chennai,Low,Savings,46996.67
C0050,Parth Barad,37,Female,Chennai,Low,Savings,24718.31
C0051,Indira Kannan,61,Male,Chennai,High,Salary,262151.9
C0052,Qasim Rastogi,38,Male,Delhi,Medium,Salary,132983.55
C0053,Tara Issac,40,Male,Pune,High,Savings,612498.28
C0054,Daniel Subramaniam,54,Female,Chennai,High,Savings,255379.08
C0055,Wriddhish Mani,39,Male,Mumbai,Premium,Current,4038700.74
C0056,Advay Parmer,32,Female,Nagpur,High,Salary,205801.82
C0057,Pratyush Master,31,Male,Pune,Low,Salary,29863.63
C0058,Girik Sem,30,Male,Chennai,Premium,Current,4575722.25
C0059,Samesh Singh,44,Male,Hyderabad,Low,Salary,9625.71
C0060,Harrison Bal,61,Male,Hyderabad,Premium,Savings,4900065.34
C0061,Ekansh Kari,48,Male,Bangalore,Medium,Salary,188673.09
C0062,Diya Yohannan,64,Male,Chennai,Premium,Savings,4106972.94
C0063,Meera Loyal,46,Male,Kolkata,Low,Savings,13980.78
C0064,Ekansh Mall,44,Female,Hyderabad,Premium,Savings,899390.63
C0065,Victor Bedi,47,Female,Chennai,Medium,Savings,195033.37
C0066,Ati Naidu,44,Female,Pune,High,Savings,269205.05
C0067,Raghav Dash,33,Female,Mumbai,High,Savings,557942.75
C0068,Sai Bail,42,Female,Delhi,High,Current,739702.84
C0069,Jasmit Ben,38,Male,Nagpur,Medium,Savings,127988.05
C0070,Oscar Krishna,45,Female,Delhi,Medium,Salary,188115.63
C0071,Ronith Dubey,64,Male,Chennai,High,Salary,385570.8
C0072,Chakradev Sharma,42,Female,Chennai,Premium,Salary,1334608.76
C0073,Viraj Tandon,64,Female,Bangalore,Premium,Salary,3190242.07
C0074,Janya Keer,57,Male,Chennai,Premium,Current,1682767.28
C0075,Zansi Ghose,51,Female,Kolkata,High,Salary,328220.84
C0076,Chasmum Murty,32,Male,Chennai,Premium,Salary,3588186.11
C0077,Vrinda Nanda,27,Male,Chennai,High,Savings,683937.74
C0078,Unnati Suresh,23,Male,Hyderabad,Medium,Current,141691.1
C0079,Yashica Padmanabhan,51,Female,Hyderabad,Low,Salary,36335.94
C0080,Hemal Rama,47,Male,Bangalore,Premium,Salary,3688014.13
C0081,Nimrat Cherian,49,Male,Bangalore,Low,Salary,28308.1
C0082,Xalak Divan,57,Male,Delhi,Low,Current,11000.26
C0083,Aarnav Batra,64,Female,Kolkata,Premium,Salary,4223027.33
C0084,Jasmit Dhar,57,Female,Bangalore,Premium,Salary,4418278.62
C0085,Tripti Basak,38,Male,Chennai,Premium,Salary,2835307.47
C0086,Om Dass,39,Female,Delhi,Medium,Salary,92859.22
C0087,Ladli Dayal,43,Female,Delhi,High,Savings,290498.39
C0088,Balveer Dixit,31,Male,Delhi,Premium,Current,2511917.35
C0089,Girik Raju,48,Male,Hyderabad,Premium,Current,2435802.61
C0090,Harsh Bakshi,58,Female,Kolkata,Low,Savings,47423.37
C0091,Farhan Rajagopal,46,Female,Hyderabad,High,Current,331652.98
C0092,Omya Sathe,53,Male,Nagpur,Premium,Current,3609269.21
C0093,Gautami Bir,32,Female,Bangalore,Premium,Salary,3043319.24
C0094,Neel Agrawal,59,Male,Delhi,Premium,Salary,2600173.63
C0095,Ijaya Dayal,33,Male,Chennai,Premium,Current,2174881.2
C0096,Niharika Sur,42,Female,Nagpur,Premium,Current,3958441.26
C0097,Damyanti Kulkarni,38,Male,Kolkata,Premium,Savings,3945901.9
C0098,Rishi Choudhary,44,Male,Delhi,Low,Salary,6811.62
C0099,Faqid Reddy,37,Male,Mumbai,Low,Salary,11857.21
C0100,Owen Rao,52,Male,Hyderabad,Medium,Current,154919.75
C0101,Hiral Handa,32,Male,Bangalore,High,Current,264859.25
C0102,Farhan Bava,41,Female,Nagpur,Low,Salary,13924.84
C0103,Ati Sura,28,Female,Delhi,Medium,Salary,167395.3
C0104,Kalpit Mukherjee,56,Female,Pune,High,Savings,503576.47
C0105,Warhi Deep,22,Female,Kolkata,High,Savings,460114.04
C0106,Henry Dewan,62,Female,Bangalore,High,Current,305682.18
C0107,Sai Kohli,61,Female,Kolkata,High,Current,695440.76
C0108,Jagdish Deo,42,Male,Delhi,High,Current,728978.71
C0109,Aradhana Sur,51,Female,Pune,Medium,Savings,124145.98
C0110,Garima Bail,33,Female,Hyderabad,High,Current,678699.41
C0111,Radha Kala,39,Female,Mumbai,High,Salary,768837.55
C0112,Charvi Mohanty,37,Female,Kolkata,Low,Salary,39117.41
C0113,Jyoti Bajwa,63,Female,Kolkata,Premium,Savings,1190824.07
C0114,Elijah Peri,47,Male,Chennai,Medium,Salary,137233.34
C0115,Upma Tella,57,Female,Nagpur,Premium,Salary,3111631.59
C0116,Oliver Kamdar,51,Female,Chennai,High,Current,338322.82
C0117,Samesh Parmer,42,Male,Bangalore,Medium,Savings,82457.7
C0118,Tanmayi Ganesh,39,Female,Delhi,Premium,Savings,2044235.15
C0119,Simon Prabhakar,33,Female,Mumbai,High,Salary,520481.05
C0120,Falguni Gala,24,Male,Chennai,High,Salary,766453.77
C0121,Yug Chatterjee,28,Male,Chennai,Premium,Current,2810599.68
C0122,Ikshita Seshadri,33,Male,Chennai,High,Current,268452.28
C0123,Yoshita Ratta,47,Female,Delhi,Low,Salary,33325.06
C0124,Nachiket Ganesan,31,Male,Chennai,Low,Savings,49726.32
C0125,Tanay Sahni,57,Female,Hyderabad,Low,Salary,22117.01
C0126,Wakeeta Dora,41,Female,Chennai,Premium,Salary,3408314.75
C0127,Anusha Bahri,35,Male,Chennai,Low,Salary,8653.44
C0128,Udant Rao,33,Male,Bangalore,Medium,Savings,111277.64
C0129,Mason Sridhar,40,Male,Hyderabad,Premium,Current,3769214.49
C0130,Ira Ganguly,26,Male,Chennai,Premium,Salary,3277116.27
C0131,Ayushman Ganesh,49,Male,Hyderabad,Medium,Salary,72348.41
C0132,Ekbal Chand,31,Male,Mumbai,High,Savings,675577.14
C0133,Chanchal Konda,50,Male,Kolkata,High,Salary,382454.71
C0134,Kashish Wadhwa,39,Female,Kolkata,Premium,Savings,3311753.98
C0135,Tanveer Peri,42,Female,Mumbai,Premium,Savings,1761482.55
C0136,Avi Sood,65,Female,Mumbai,Low,Savings,26172.54
C0137,Arunima De,39,Male,Nagpur,Premium,Salary,4219828.77
C0138,Indira Brahmbhatt,52,Female,Nagpur,Low,Current,19447.62
C0139,Sneha Dara,32,Female,Nagpur,Low,Salary,27296.11
C0140,Champak Prabhakar,57,Male,Kolkata,Premium,Savings,2120972.06
C0141,Wishi Shankar,29,Female,Mumbai,High,Salary,721620.49
C0142,Balvan Bhat,48,Male,Hyderabad,Premium,Salary,2319473.31
C0143,Darika Edwin,62,Female,Mumbai,Premium,Savings,1921636.2
C0144,Amaira Chacko,40,Female,Kolkata,Medium,Savings,54330.42
C0145,Chanchal Karpe,32,Female,Mumbai,Medium,Salary,111198.6
C0146,Zarna Bhasin,29,Female,Delhi,Medium,Salary,174821.48
C0147,David Shetty,40,Female,Nagpur,Premium,Current,4917027.46
C0148,Ekantika Dutta,51,Male,Nagpur,Medium,Savings,188280.22
C0149,Ojasvi Dasgupta,26,Female,Nagpur,Medium,Current,190137.26
C0150,Laban Kant,22,Female,Chennai,High,Salary,547954.03
C0151,Vincent Mistry,31,Female,Kolkata,Premium,Current,2196247.81
C0152,Triya Dhaliwal,51,Female,Hyderabad,Premium,Salary,1802983.29
C0153,Hemangini Soni,36,Female,Mumbai,Premium,Current,3927761.64
C0154,Harrison Swaminathan,46,Male,Kolkata,Premium,Savings,1330234.33
C0155,Patrick Patla,28,Female,Delhi,High,Salary,746265.01
C0156,Rushil Sibal,31,Female,Bangalore,Low,Savings,26127.08
C0157,Karan Kant,43,Female,Delhi,High,Current,711404.8
C0158,Rayaan Dhar,42,Female,Mumbai,Premium,Salary,1087367.14
C0159,Michael Gole,36,Male,Nagpur,High,Savings,656221.82
C0160,Bina Goyal,50,Male,Chennai,Low,Savings,7069.59
C0161,Frado Nagar,40,Female,Pune,Low,Current,11550.64
C0162,Balvan Behl,58,Male,Bangalore,Premium,Savings,1131667.07
C0163,Gayathri Comar,61,Male,Kolkata,Premium,Salary,1401094.42
C0164,Aarnav Rau,62,Female,Kolkata,Premium,Current,3600731.01
C0165,Oeshi Rege,40,Male,Delhi,Premium,Current,4769989.67
C0166,Barkha Srivastava,62,Female,Chennai,High,Current,707182.36
C0167,Vritti Dave,46,Female,Delhi,Medium,Savings,107204.64
C0168,Azad Jani,58,Female,Chennai,High,Savings,786766.69
C0169,Meera Saran,39,Male,Mumbai,Premium,Salary,3929723.05
C0170,Sanaya Varty,36,Female,Hyderabad,High,Salary,314079.19
C0171,Leela Dyal,65,Male,Delhi,High,Salary,587804.37
C0172,Yadavi Venkatesh,50,Male,Pune,High,Salary,278847.08
C0173,Kashish Bandi,42,Female,Bangalore,High,Savings,279295.88
C0174,Eta Dhaliwal,55,Female,Bangalore,High,Current,748429.37
C0175,Abdul Parmer,40,Female,Delhi,Premium,Current,4844151.83
C0176,Nilima Lal,36,Female,Pune,Medium,Savings,168602.3
C0177,Yashodhara Bhardwaj,38,Male,Kolkata,Low,Current,35277.28
C0178,Chandran Cheema,59,Female,Pune,High,Savings,604901.93
C0179,Brijesh Grewal,23,Female,Hyderabad,Premium,Salary,1065511.57
C0180,Devansh Kashyap,41,Female,Delhi,Premium,Savings,990456.61
C0181,Tanvi Datta,41,Female,Delhi,Low,Savings,15566.0
C0182,Ira Khare,46,Female,Pune,Medium,Salary,192407.12
C0183,Odika Kapoor,59,Male,Nagpur,Premium,Salary,1215890.87
C0184,Timothy Seshadri,61,Female,Chennai,Premium,Savings,3699178.79
C0185,Nikita Solanki,50,Female,Hyderabad,Medium,Current,64903.19
C0186,Kalpit Bobal,56,Female,Mumbai,High,Current,365528.86
C0187,Ronith Savant,51,Male,Hyderabad,Low,Salary,33777.18
C0188,Pallavi Puri,25,Female,Hyderabad,Low,Savings,40414.01
C0189,Girish Rege,26,Male,Hyderabad,Medium,Savings,99283.93
C0190,Gaurang Narang,60,Male,Chennai,Medium,Savings,198129.1
C0191,Chandran Arya,33,Male,Mumbai,High,Savings,208916.2
C0192,Kamala Chana,59,Female,Mumbai,Medium,Savings,89805.13
C0193,Vedika Baria,48,Male,Delhi,Medium,Current,117241.28
C0194,Jonathan Mody,54,Male,Kolkata,High,Salary,332929.85
C0195,Utkarsh Singh,64,Female,Kolkata,Low,Salary,48381.18
C0196,Pushti Prabhakar,52,Female,Nagpur,Low,Salary,9858.28
C0197,Ethan Naik,26,Male,Pune,Premium,Salary,1423002.07
C0198,Indira Suresh,39,Female,Nagpur,Medium,Salary,129583.53
C0199,Anthony Dey,54,Female,Delhi,Premium,Salary,1280539.1
C0200,Gabriel Dasgupta,49,Female,Hyderabad,Medium,Current,100839.74
C0201,Manbir Sane,47,Female,Delhi,Premium,Current,2592408.83
C0202,Radhika Suresh,45,Male,Kolkata,High,Savings,254734.87
C0203,Suhani Dutt,27,Female,Delhi,Low,Salary,38245.82
C0204,Azad Bera,57,Male,Pune,Medium,Salary,68334.69
C0205,Leena Bal,64,Female,Mumbai,High,Current,560246.05
C0206,Oscar Misra,28,Male,Bangalore,High,Salary,489313.64
C0207,Mekhala Wali,44,Female,Delhi,Low,Current,30834.5
C0208,Vritti Jani,57,Male,Chennai,Premium,Savings,1557747.5
C0209,Ikshita Kakar,43,Female,Mumbai,High,Savings,721917.62
C0210,Jagvi Sule,26,Male,Mumbai,Premium,Savings,3933669.4
C0211,Eesha Madan,46,Female,Kolkata,Medium,Current,73611.39
C0212,Warda Chowdhury,42,Male,Mumbai,High,Savings,294445.94
C0213,Jeevika Bora,65,Male,Chennai,Low,Current,34787.24
C0214,Yashoda Cherian,60,Female,Nagpur,Premium,Current,1705389.65
C0215,Lakshmi Samra,44,Female,Delhi,Low,Current,35519.81
C0216,Girik Chandran,55,Female,Mumbai,Premium,Savings,2460106.26
C0217,Lila Chaudhuri,22,Male,Chennai,Low,Savings,39530.73
C0218,Praneel Rau,40,Female,Delhi,High,Savings,498431.2
C0219,Falak Dar,33,Male,Nagpur,Premium,Salary,3755419.31
C0220,Madhavi Suresh,26,Female,Mumbai,High,Current,211244.92
C0221,Wishi Nadig,42,Female,Nagpur,Low,Salary,33806.38
C0222,Ansh Singh,29,Female,Mumbai,High,Current,303123.91
C0223,Yasti Dhawan,45,Male,Nagpur,Premium,Savings,1821929.19
C0224,Chakradev Kala,55,Male,Nagpur,Premium,Current,3932380.27
C0225,Anmol Deshmukh,43,Male,Delhi,Medium,Salary,144983.7
C0226,Ira Saran,44,Female,Bangalore,Medium,Savings,65420.68
C0227,Madhavi Srinivasan,34,Male,Bangalore,High,Salary,245211.96
C0228,Qadim Bala,51,Female,Pune,Premium,Salary,2127783.36
C0229,Simon Lad,26,Female,Kolkata,Premium,Salary,2071845.83
C0230,Megha Bala,59,Male,Pune,High,Salary,244514.39
C0231,Ronith Contractor,50,Male,Mumbai,Premium,Current,4293125.85
C0232,Daniel Batra,63,Male,Nagpur,Low,Current,31114.82
C0233,Lakshmi Gole,50,Male,Pune,Low,Salary,26403.31
C0234,Keya Bedi,25,Female,Delhi,Medium,Current,197357.84
C0235,Keya Mani,54,Male,Mumbai,Low,Savings,36842.98
C0236,Orinder Kapoor,55,Male,Pune,Premium,Current,4655334.51
C0237,Kala Choudhary,48,Female,Mumbai,Premium,Salary,3518682.5
C0238,Oscar Mukhopadhyay,43,Male,Nagpur,Low,Current,16339.81
C0239,Aarnav Sagar,43,Male,Bangalore,Medium,Current,96534.76
C0240,Naveen Chanda,30,Male,Chennai,Premium,Salary,2382053.09
C0241,Yashvi Koshy,30,Male,Nagpur,High,Salary,417096.86
C0242,Rudra Baral,41,Male,Hyderabad,High,Current,768600.96
C0243,Naksh Choudhary,34,Male,Bangalore,Premium,Savings,1124093.35
C0244,Bhavani Chaudhari,54,Male,Pune,Low,Salary,10897.21
C0245,Unni Lanka,31,Male,Bangalore,Premium,Salary,4038610.82
C0246,Bina Gade,50,Male,Nagpur,Medium,Current,151454.44
C0247,Ayush Kurian,50,Female,Kolkata,Medium,Savings,130101.67
C0248,Hitesh Batta,52,Male,Pune,High,Salary,768278.1
C0249,Andrew Nazareth,51,Female,Nagpur,Premium,Salary,3015331.11
C0250,Lucky Srinivasan,34,Male,Chennai,Medium,Savings,146176.86
C0251,Udyati Shere,57,Male,Delhi,High,Current,250325.08
C0252,Vansha Srinivas,39,Female,Bangalore,Medium,Current,63757.04
C0253,Onkar Goda,50,Female,Mumbai,Medium,Current,57988.53
C0254,Chandani Shankar,37,Female,Delhi,High,Current,334723.26
C0255,Yahvi Sura,28,Female,Bangalore,High,Savings,222981.91
C0256,Warhi Soni,30,Female,Kolkata,Premium,Salary,822055.03
C0257,Baljiwan Buch,23,Female,Hyderabad,Low,Savings,29696.19
C0258,Aadi Chander,29,Female,Hyderabad,Premium,Current,1311763.05
C0259,Chavvi Guha,48,Female,Delhi,Medium,Savings,175503.16
C0260,Vamakshi Raval,60,Male,Hyderabad,Premium,Salary,1403022.73
C0261,Ayushman Sha,22,Female,Hyderabad,Premium,Salary,2549583.9
C0262,Aditya Thakur,55,Female,Delhi,Low,Salary,29483.69
C0263,Indira Maharaj,46,Female,Mumbai,Low,Salary,22409.66
C0264,Dalbir Chakraborty,38,Male,Pune,High,Savings,406881.5
C0265,Urmi Hayre,59,Female,Bangalore,Low,Savings,20853.46
C0266,Harita Ben,63,Male,Kolkata,High,Salary,487118.7
C0267,Benjamin Pandit,30,Male,Kolkata,Medium,Savings,94016.39
C0268,Tanmayi Singhal,34,Male,Pune,Low,Current,28192.26
C0269,Kamala Kakar,38,Male,Hyderabad,Premium,Current,2299291.54
C0270,Omya Walla,63,Female,Chennai,Low,Savings,40970.41
C0271,Finn Bumb,47,Female,Nagpur,Premium,Current,4889639.05
C0272,Bina Venkataraman,53,Female,Chennai,Premium,Savings,3853741.56
C0273,Hemangini Mukhopadhyay,49,Male,Chennai,Low,Current,9616.91
C0274,Lakshit Kannan,64,Female,Chennai,High,Current,561572.98
C0275,Tanmayi Dora,32,Female,Pune,Premium,Current,977891.68
C0276,Darika Kanda,61,Female,Chennai,High,Salary,788016.37
C0277,Hema Bera,26,Female,Pune,Low,Salary,41049.32
C0278,Yug Rout,23,Male,Kolkata,Medium,Savings,68934.5
C0279,Udyati Sabharwal,63,Female,Pune,Medium,Current,192420.07
C0280,Zilmil Chaudhuri,60,Male,Kolkata,Low,Current,21740.6
C0281,Hemani Dyal,58,Male,Pune,Low,Current,19147.34
C0282,Samesh Dixit,37,Male,Mumbai,High,Salary,311628.83
C0283,Falan Balakrishnan,57,Male,Chennai,Premium,Current,3756958.81
C0284,Hardik Saxena,61,Female,Kolkata,Medium,Savings,68395.61
C0285,Radha Manne,50,Male,Kolkata,Low,Savings,41473.09
C0286,Jagdish Rattan,64,Female,Delhi,High,Salary,525302.82
C0287,Warinder Mander,32,Male,Pune,High,Salary,334544.97
C0288,Vyanjana Singh,30,Male,Kolkata,Medium,Savings,104134.48
C0289,Warhi Nori,51,Male,Delhi,High,Savings,385574.43
C0290,Jhalak Chaudry,55,Female,Nagpur,Premium,Salary,1109752.99
C0291,Oliver Yogi,63,Male,Kolkata,High,Current,608065.39
C0292,Upasna Sur,30,Male,Bangalore,High,Current,501718.27
C0293,Isaac Parmar,29,Male,Chennai,Low,Savings,12288.51
C0294,Janya Parmer,44,Female,Delhi,Medium,Current,79445.29
C0295,Indrajit Puri,30,Female,Delhi,High,Salary,584592.46
C0296,Rachana Sandhu,32,Female,Mumbai,Medium,Savings,62183.43
C0297,Wazir Kapadia,63,Male,Nagpur,High,Salary,583394.72
C0298,Riya Zachariah,62,Female,Chennai,Premium,Current,1828487.22
C0299,Veda Kashyap,41,Female,Delhi,Premium,Salary,1051634.74
C0300,Advik Mahajan,48,Female,Kolkata,Premium,Savings,2228808.79
C0301,Joshua Ranganathan,42,Female,Pune,Medium,Current,69614.92
C0302,Shivani Dalal,54,Male,Pune,High,Savings,479883.54
C0303,Vansha Nazareth,50,Male,Bangalore,High,Savings,230363.18
C0304,Imaran Bora,61,Female,Hyderabad,Premium,Savings,4216606.96
C0305,Ranveer Sarma,34,Male,Kolkata,High,Salary,480089.07
C0306,Nakul Gandhi,53,Male,Delhi,High,Current,503266.68
C0307,Zaid Mane,35,Female,Mumbai,Medium,Savings,92203.45
C0308,Chaitaly Gokhale,40,Male,Delhi,Premium,Current,1362526.76
C0309,Januja Tata,45,Female,Pune,High,Savings,440348.97
C0310,Udarsh Anne,45,Female,Delhi,Medium,Current,125638.33
C0311,Jeet Gulati,61,Male,Bangalore,High,Savings,436342.23
C0312,Imaran Ray,57,Female,Bangalore,High,Savings,561477.77
C0313,Omkaar Bains,54,Male,Mumbai,Premium,Savings,1375552.77
C0314,Yochana Karnik,52,Female,Bangalore,High,Salary,735879.02
C0315,Rajeshri Bhatnagar,42,Female,Bangalore,Medium,Current,198592.36
C0316,Nachiket Bassi,59,Female,Kolkata,High,Salary,537754.56
C0317,Balvan Kohli,23,Female,Pune,Premium,Salary,1260339.28
C0318,Mahika Rajagopal,59,Female,Mumbai,Premium,Salary,2793278.9
C0319,Aadhya Chadha,25,Female,Bangalore,Medium,Salary,144353.79
C0320,Lekha Chhabra,31,Male,Mumbai,Premium,Salary,4782461.72
C0321,Kavya Sankaran,34,Male,Kolkata,Low,Current,23845.11
C0322,Tristan Kata,35,Female,Kolkata,Premium,Salary,3855088.82
C0323,Janani Sha,55,Male,Pune,Medium,Salary,121755.65
C0324,Chasmum Magar,42,Male,Kolkata,Premium,Salary,2237773.47
C0325,Tripti Amble,65,Female,Kolkata,High,Savings,774402.44
C0326,Tanvi Saxena,57,Female,Hyderabad,High,Current,662704.56
C0327,Devika Patla,53,Female,Kolkata,Medium,Current,134073.14
C0328,Imaran Sangha,40,Male,Nagpur,High,Current,691026.48
C0329,Aishani Chandran,40,Male,Chennai,Medium,Salary,61854.42
C0330,Wakeeta Ganguly,63,Female,Kolkata,Premium,Savings,1648685.63
C0331,Banjeet Gupta,57,Female,Bangalore,High,Savings,569406.22
C0332,Laban Babu,37,Male,Hyderabad,Medium,Salary,84925.48
C0333,Jai Kara,48,Female,Kolkata,Low,Savings,35653.64
C0334,Yashasvi Lad,22,Male,Nagpur,Medium,Salary,190254.81
C0335,Libni Bhandari,52,Male,Chennai,Premium,Current,1998744.43
C0336,Urishilla Keer,27,Male,Mumbai,Low,Savings,23804.82
C0337,Bahadurjit Singhal,24,Female,Kolkata,Medium,Savings,190491.31
C0338,Xiti Thakkar,24,Male,Chennai,High,Salary,561669.78
C0339,Abhimanyu Chandra,40,Female,Kolkata,High,Savings,710635.84
C0340,Rishi Chaudhuri,39,Male,Delhi,Premium,Current,1482475.9
C0341,Hritik Iyer,63,Female,Bangalore,Premium,Savings,3893795.16
C0342,Yasti Majumdar,58,Male,Bangalore,High,Salary,713687.9
C0343,Rayaan Butala,49,Female,Delhi,Premium,Current,3610874.58
C0344,Shivansh Narayan,30,Female,Pune,Medium,Savings,51024.52
C0345,Chanakya Balay,37,Female,Chennai,Premium,Current,2068172.53
C0346,Aarav Kunda,38,Female,Hyderabad,Low,Savings,35050.38
C0347,Faraj Narayanan,41,Male,Nagpur,Premium,Salary,2910585.98
C0348,Amrita Mangat,29,Female,Pune,High,Salary,332509.54
C0349,Thomas Jayaraman,52,Male,Kolkata,Medium,Salary,198325.69
C0350,Pranav Amble,48,Female,Hyderabad,High,Savings,608205.15
C0351,Suhani Parsa,55,Female,Pune,Low,Savings,46276.01
C0352,Michael Puri,25,Male,Bangalore,Low,Savings,19765.29
C0353,Prisha Doshi,29,Male,Kolkata,Premium,Savings,4575335.28
C0354,Faqid Sunder,25,Female,Bangalore,Premium,Salary,2544783.21
C0355,Yashasvi Bath,57,Female,Chennai,Low,Salary,5979.67
C0356,Anika Palla,22,Male,Delhi,High,Savings,454218.43
C0357,Geetika Shroff,56,Male,Delhi,Low,Current,6428.07
C0358,Gaurika Divan,33,Male,Nagpur,Premium,Current,4969997.71
C0359,Arya Varkey,50,Female,Nagpur,Premium,Savings,3667467.49
C0360,Ayush Barad,63,Female,Delhi,Medium,Savings,198927.02
C0361,Hitesh Sundaram,55,Male,Hyderabad,Premium,Savings,3975953.54
C0362,Jackson Babu,51,Female,Nagpur,High,Savings,348507.22
C0363,Onveer Varughese,31,Female,Hyderabad,High,Salary,659293.96
C0364,Reva Munshi,64,Female,Mumbai,Low,Savings,14273.67
C0365,Theodore Sem,60,Male,Kolkata,Low,Salary,35241.06
C0366,Raghav Parsa,37,Male,Nagpur,Low,Current,15545.27
C0367,Hiral Baral,25,Male,Chennai,Medium,Savings,172367.94
C0368,Onkar Patla,58,Female,Hyderabad,High,Current,725754.99
C0369,Jagvi Joshi,48,Female,Chennai,Medium,Savings,133507.72
C0370,Vasudha Lall,62,Female,Kolkata,Medium,Savings,195843.54
C0371,Bishakha Misra,55,Female,Nagpur,Premium,Current,1426713.95
C0372,Praneel Palla,33,Female,Hyderabad,Premium,Savings,2063092.96
C0373,Gaurav Krishna,51,Male,Nagpur,Medium,Current,133593.01
C0374,Arjun Bala,46,Male,Chennai,Medium,Savings,99539.45
C0375,Oliver Keer,50,Female,Delhi,Low,Salary,37606.31
C0376,Amruta Varma,25,Female,Nagpur,Medium,Salary,140745.42
C0377,Sachi De,26,Male,Hyderabad,Low,Current,14400.01
C0378,Jagvi Dhaliwal,41,Male,Hyderabad,High,Savings,777246.53
C0379,Chaitaly Nagar,52,Male,Hyderabad,Low,Current,46180.69
C0380,Yauvani Bhattacharyya,40,Female,Kolkata,High,Salary,589232.8
C0381,Oliver Acharya,38,Female,Kolkata,High,Current,259164.94
C0382,Owen Varkey,42,Male,Pune,Premium,Current,2538506.72
C0383,Veda Dave,31,Male,Chennai,Medium,Salary,190213.74
C0384,Sachi Pau,40,Male,Hyderabad,Premium,Current,1766078.23
C0385,Ekaraj Chand,53,Female,Chennai,Medium,Current,194976.24
C0386,Damini Narayan,51,Male,Pune,Premium,Savings,1387825.82
C0387,Kamya Bhatti,33,Male,Mumbai,Premium,Savings,4769790.07
C0388,Baljiwan Dani,22,Female,Bangalore,Low,Salary,15414.5
C0389,Liam Deo,22,Male,Kolkata,Medium,Current,59067.52
C0390,Nathan Prabhu,64,Female,Mumbai,Premium,Savings,3035292.44
C0391,Mekhala Deo,22,Male,Chennai,Premium,Salary,4905413.26
C0392,Gaurang Karpe,54,Female,Bangalore,Low,Savings,46312.2
C0393,Chatresh Ranganathan,37,Male,Chennai,Medium,Current,90098.71
C0394,Xavier Ghose,27,Female,Nagpur,Premium,Current,3173009.17
C0395,Jeremiah Kala,41,Male,Mumbai,Medium,Savings,110791.74
C0396,Kala Mishra,57,Female,Mumbai,Premium,Salary,839690.73
C0397,Leela Shetty,27,Female,Nagpur,Medium,Salary,167656.45
C0398,Mitesh Shroff,55,Male,Hyderabad,Low,Savings,45557.28
C0399,Yochana Handa,39,Male,Delhi,Premium,Salary,4687456.2
C0400,Ojas Bhargava,33,Female,Mumbai,Low,Savings,31416.62
C0401,Chakradhar Bhatnagar,26,Female,Bangalore,Premium,Salary,1809983.22
C0402,Dayita Chawla,65,Female,Nagpur,Premium,Salary,1387792.5
C0403,Wriddhish Raja,54,Female,Mumbai,Low,Savings,24668.97
C0404,Eshana Issac,43,Female,Pune,Low,Savings,33535.53
C0405,Falak Nagarajan,53,Male,Pune,Premium,Salary,4752799.95
C0406,Veer Mukhopadhyay,33,Female,Delhi,Premium,Salary,2040593.82
C0407,Siddharth Morar,26,Male,Chennai,Medium,Savings,107000.0
C0408,Gaurika Konda,46,Female,Pune,Medium,Savings,63728.06
C0409,Wridesh Mitra,50,Female,Chennai,High,Savings,279504.2
C0410,Jagdish Trivedi,49,Female,Nagpur,Medium,Savings,53939.29
C0411,Chatresh Dave,57,Male,Pune,High,Current,207404.37
C0412,Charan Yohannan,46,Male,Hyderabad,Premium,Salary,2988639.03
C0413,Amruta Panchal,32,Male,Chennai,Premium,Current,1927308.55
C0414,Chandran Wagle,26,Male,Nagpur,Medium,Current,113165.35
C0415,Inaya Kale,26,Female,Chennai,Premium,Savings,3827777.7
C0416,Omya Oommen,60,Male,Kolkata,Premium,Savings,1369056.01
C0417,Wridesh Yogi,47,Female,Nagpur,Low,Current,24810.03
C0418,Forum Dhawan,63,Male,Chennai,Premium,Current,3333487.33
C0419,Lohit Karpe,52,Female,Bangalore,Medium,Current,195308.78
C0420,Ekani Barman,62,Female,Hyderabad,High,Current,425633.18
C0421,Yadavi Gole,45,Male,Hyderabad,Premium,Salary,4988512.69
C0422,Chakradhar Sahni,65,Male,Kolkata,Medium,Salary,81447.26
C0423,Aradhana Karpe,26,Female,Kolkata,High,Savings,580001.62
C0424,Nihal Bobal,38,Male,Nagpur,Medium,Current,61094.77
C0425,Advik Sule,59,Female,Nagpur,Premium,Salary,954413.69
C0426,Megha Jhaveri,56,Male,Delhi,High,Savings,594560.99
C0427,Madhav Chaudhuri,32,Male,Nagpur,High,Current,779430.07
C0428,Theodore Jain,28,Male,Delhi,Premium,Current,1732404.53
C0429,Aarav Chacko,50,Female,Nagpur,Medium,Current,165851.33
C0430,Avi Kari,44,Male,Kolkata,Medium,Savings,94314.83
C0431,Chaman Nagar,29,Male,Pune,Low,Current,20438.0
C0432,Dayamai Wason,55,Female,Pune,Medium,Current,64643.45
C0433,Yutika Andra,42,Male,Chennai,Premium,Savings,4202780.94
C0434,Veda Venkataraman,23,Female,Delhi,Low,Salary,41002.26
C0435,Fiyaz Narasimhan,55,Male,Bangalore,Medium,Current,133977.34
C0436,Oni Dass,36,Female,Bangalore,Premium,Savings,3490011.28
C0437,Ekiya Sura,47,Male,Hyderabad,Premium,Current,3287253.27
C0438,Jeremiah Merchant,22,Male,Hyderabad,Premium,Current,3959767.08
C0439,Abha Virk,58,Male,Bangalore,Low,Current,19669.32
C0440,Henry Randhawa,29,Female,Kolkata,Premium,Salary,4856848.88
C0441,Janani Barad,60,Female,Nagpur,High,Salary,268539.24
C0442,Kritika Rastogi,51,Male,Chennai,High,Salary,554101.02
C0443,Anirudh Bains,42,Male,Hyderabad,Medium,Current,67542.34
C0444,Dakshesh Sahota,31,Female,Nagpur,High,Salary,282720.38
C0445,Irya Ranganathan,49,Male,Kolkata,Premium,Salary,3056992.93
C0446,Ati Choudhry,57,Male,Kolkata,Medium,Current,71044.48
C0447,Baljiwan Barad,50,Male,Pune,High,Savings,490765.35
C0448,Atharv Master,46,Female,Nagpur,Medium,Salary,123758.88
C0449,Ojasvi Sane,53,Male,Delhi,Premium,Salary,929614.96
C0450,Kabir Chauhan,40,Male,Chennai,Medium,Savings,130641.29
C0451,Falan Choudhury,51,Female,Delhi,Medium,Salary,67131.0
C0452,Yatan Bora,56,Male,Kolkata,High,Salary,331125.16
C0453,Warda Bhargava,28,Male,Chennai,Premium,Savings,2688875.84
C0454,Zansi Kapadia,27,Female,Delhi,High,Savings,325926.9
C0455,Yochana Wali,61,Female,Bangalore,High,Salary,283540.98
C0456,Vasatika Ganesan,35,Male,Pune,Medium,Salary,92162.75
C0457,Pavani Singh,42,Female,Chennai,Medium,Salary,90101.46
C0458,Ayush Randhawa,30,Female,Mumbai,Low,Current,44017.14
C0459,Daniel Batta,30,Male,Bangalore,Medium,Salary,98314.51
C0460,Varsha Oommen,65,Female,Kolkata,Medium,Savings,136613.83
C0461,Rachana Sunder,62,Female,Nagpur,High,Current,245309.76
C0462,Nirja Bala,47,Female,Pune,Low,Current,47761.43
C0463,Harrison Gaba,59,Male,Delhi,High,Salary,783290.18
C0464,Avi Sathe,26,Female,Hyderabad,High,Current,694908.59
C0465,Januja Garde,39,Female,Chennai,Premium,Current,3098704.25
C0466,Chatura Nagi,58,Female,Pune,Medium,Salary,164338.1
C0467,Adya Srinivas,28,Female,Mumbai,Low,Savings,46824.48
C0468,Victor Padmanabhan,50,Female,Mumbai,Medium,Current,80347.73
C0469,Tanish Cherian,63,Female,Bangalore,Medium,Current,64001.0
C0470,Harita Kala,38,Male,Pune,High,Salary,742280.16
C0471,Ria Agrawal,25,Female,Chennai,Medium,Salary,154916.21
C0472,Viraj Sinha,49,Male,Delhi,Medium,Savings,82013.18
C0473,Ladli Lad,30,Male,Kolkata,Low,Savings,5362.82
C0474,Bishakha Bala,29,Female,Bangalore,High,Current,242496.98
C0475,Yauvani Gara,27,Male,Delhi,Premium,Current,2343759.1
C0476,Jyoti Walia,30,Female,Bangalore,High,Salary,795764.09
C0477,Warda Gala,26,Male,Bangalore,Medium,Current,102678.16
C0478,Vivaan Prasad,62,Male,Nagpur,Medium,Salary,152984.93
C0479,Nathaniel Nadig,27,Male,Bangalore,Medium,Savings,138436.09
C0480,Wazir Kata,44,Female,Pune,Premium,Savings,1840702.77
C0481,Barkha Borah,37,Female,Mumbai,Low,Salary,44412.22
C0482,Jagvi Behl,55,Male,Nagpur,Medium,Current,146925.47
C0483,Dalbir Dara,53,Female,Delhi,Medium,Savings,124937.38
C0484,Pooja Ben,55,Male,Pune,Low,Current,10939.23
C0485,Ekalinga Ganesh,45,Male,Kolkata,Premium,Savings,870095.49
C0486,Arya Lad,22,Female,Hyderabad,Low,Savings,46516.07
C0487,Balveer Bhagat,54,Female,Nagpur,Premium,Current,3747604.68
C0488,Arunima Magar,62,Male,Chennai,Low,Savings,18945.81
C0489,Chandresh Venkataraman,31,Female,Nagpur,Medium,Salary,145144.14
C0490,Mitesh Sachdeva,41,Female,Hyderabad,Low,Savings,16001.59
C0491,Raagini Acharya,29,Female,Mumbai,Premium,Current,3597534.23
C0492,Bimala Saini,29,Male,Bangalore,Medium,Salary,51702.59
C0493,Yashasvi Mangal,44,Female,Bangalore,Premium,Current,1333108.55
C0494,Kashvi Datta,29,Male,Pune,High,Current,363188.36
C0495,Chatura Kant,38,Male,Kolkata,Low,Current,27985.18
C0496,Watika Deshmukh,53,Male,Pune,Low,Savings,16480.22
C0497,Kiaan Palan,58,Male,Hyderabad,Low,Salary,27897.12
C0498,Sanaya Ramaswamy,22,Male,Mumbai,Low,Current,21378.94
C0499,Yamini Viswanathan,33,Male,Nagpur,Medium,Savings,98270.3
C0500,Ansh Handa,42,Female,Delhi,Premium,Salary,2365794.3
C0501,Hemani Merchant,33,Male,Mumbai,Low,Current,8101.69
C0502,Darika Lal,40,Female,Pune,Premium,Savings,3122983.86
C0503,Nandini Bhagat,45,Male,Chennai,Low,Salary,40302.82
C0504,Banjeet Ben,51,Female,Kolkata,Medium,Savings,159869.5
C0505,Dev Pillay,31,Male,Nagpur,Medium,Savings,84949.66
C0506,Guneet Chacko,62,Male,Pune,High,Savings,655357.49
C0507,Ria Doshi,41,Male,Hyderabad,Premium,Salary,4929086.12
C0508,Ojasvi Padmanabhan,53,Male,Bangalore,Premium,Salary,1975266.14
C0509,Amara Devan,36,Female,Pune,Low,Current,48854.97
C0510,Yadavi Nagarajan,59,Male,Bangalore,Low,Salary,41898.33
C0511,Amara Brar,59,Male,Nagpur,Low,Salary,48389.82
C0512,Jagvi Khatri,40,Female,Pune,Medium,Current,155108.84
C0513,Ranveer Dyal,42,Female,Chennai,High,Savings,244812.46
C0514,Harrison Kaul,30,Male,Bangalore,Medium,Savings,74656.25
C0515,Janaki Mukhopadhyay,42,Female,Delhi,Premium,Salary,2304807.27
C0516,Ronith More,50,Female,Kolkata,Medium,Current,177872.33
C0517,Siddharth Zachariah,32,Female,Mumbai,Low,Savings,42616.61
C0518,Aadi Agrawal,31,Male,Hyderabad,High,Current,437746.68
C0519,Manan Contractor,65,Female,Chennai,Low,Savings,6398.69
C0520,Frederick Boase,50,Male,Delhi,Premium,Current,1228010.86
C0521,Unnati Kala,29,Male,Mumbai,Medium,Savings,69607.29
C0522,Abeer Kunda,45,Male,Chennai,Premium,Savings,891560.77
C0523,Saumya Lad,34,Female,Bangalore,Low,Savings,45728.51
C0524,Adweta Zacharia,29,Male,Kolkata,High,Savings,300793.53
C0525,Ekaraj Gulati,47,Female,Mumbai,Premium,Current,3669494.25
C0526,Nikita Rai,44,Male,Bangalore,Medium,Current,91978.18
C0527,Rajata Chander,24,Male,Chennai,Medium,Current,111798.83
C0528,Eiravati Kalita,25,Male,Chennai,Premium,Current,1376391.27
C0529,Tarak Nori,63,Male,Mumbai,Medium,Current,167287.37
C0530,Anay Mander,52,Female,Pune,High,Salary,501435.95
C0531,Darika Saxena,39,Male,Mumbai,Premium,Current,3307888.68
C0532,Ishanvi Sarkar,39,Male,Kolkata,Low,Salary,21084.48
C0533,Chavvi Chadha,32,Male,Hyderabad,Medium,Salary,86172.92
C0534,Ekapad Kala,36,Female,Pune,Low,Savings,12924.52
C0535,Aahana Mani,44,Male,Pune,High,Salary,538163.89
C0536,Daniel Sem,53,Female,Bangalore,Medium,Current,55694.56
C0537,Kamala Bora,36,Male,Mumbai,Low,Salary,26509.5
C0538,Luke Uppal,61,Male,Bangalore,High,Current,630162.58
C0539,Bhavika Chander,25,Male,Bangalore,High,Salary,622817.81
C0540,Ayushman Sule,29,Female,Delhi,Medium,Current,155680.7
C0541,Dominic Shenoy,59,Male,Pune,Premium,Current,2154933.46
C0542,Upadhriti Mitra,49,Female,Pune,Medium,Savings,156077.44
C0543,Krish Zacharia,36,Male,Nagpur,High,Current,640396.98
C0544,Chasmum Morar,30,Male,Mumbai,High,Salary,769218.9
C0545,Varsha Kara,58,Male,Bangalore,Premium,Salary,2136511.03
C0546,Yamini Behl,62,Male,Kolkata,Medium,Savings,99675.26
C0547,Indali Dhillon,37,Female,Pune,Low,Savings,33628.4
C0548,Darika Ganesan,64,Female,Kolkata,Low,Savings,16934.56
C0549,Hardik Patil,26,Female,Chennai,Medium,Savings,158062.04
C0550,Yatan Chaudry,46,Female,Nagpur,Low,Savings,44804.84
C0551,Pallavi Morar,46,Female,Nagpur,Premium,Savings,4280989.31
C0552,Ekta Salvi,32,Female,Delhi,Medium,Savings,94236.29
C0553,Eesha Bail,38,Male,Delhi,High,Current,302063.12
C0554,Neha Buch,32,Male,Delhi,Premium,Current,3294928.29
C0555,Turvi Ravel,23,Female,Bangalore,Premium,Salary,4536963.74
C0556,Lakshit Behl,25,Male,Pune,Medium,Savings,196159.76
C0557,Gautami Butala,57,Female,Chennai,Premium,Current,1797702.8
C0558,Bahadurjit Raghavan,47,Female,Bangalore,Low,Savings,21237.3
C0559,Tanvi Bobal,27,Female,Kolkata,Premium,Savings,1207344.97
C0560,Nimrat Ravi,32,Female,Delhi,Medium,Current,176565.36
C0561,Lila Viswanathan,47,Female,Kolkata,High,Salary,359002.64
C0562,Zilmil Chaudhari,33,Female,Nagpur,Premium,Current,1583648.35
C0563,Samaksh Chand,38,Female,Kolkata,Low,Current,15180.9
C0564,Ethan Jhaveri,58,Male,Bangalore,High,Salary,600481.08
C0565,Madhavi Bir,64,Female,Nagpur,Low,Salary,15238.07
C0566,Jatin Vora,46,Female,Kolkata,Low,Salary,44674.42
C0567,Aradhana More,41,Male,Nagpur,Premium,Salary,945859.67
C0568,Yatan Dugal,29,Female,Bangalore,Medium,Savings,195824.73
C0569,Deepa Vohra,30,Male,Nagpur,Medium,Savings,198241.99
C0570,Harshil Suresh,34,Male,Chennai,Premium,Current,4625378.84
C0571,Libni Iyer,27,Female,Nagpur,Low,Salary,19675.71
C0572,Ayush Chahal,55,Female,Mumbai,High,Salary,573834.76
C0573,Vrishti Garg,29,Female,Bangalore,Premium,Savings,3179694.49
C0574,Dhruv Choudhury,28,Male,Chennai,Low,Salary,44606.11
C0575,Chavvi Wadhwa,38,Female,Kolkata,Premium,Salary,3357641.04
C0576,Waida Chaudhuri,33,Female,Nagpur,Low,Savings,32821.0
C0577,Tanish Rajagopalan,24,Female,Pune,Premium,Salary,1797833.03
C0578,Agastya Rastogi,39,Female,Mumbai,Premium,Current,4233020.89
C0579,Rachita Chokshi,41,Female,Kolkata,High,Salary,610911.22
C0580,Vincent Krish,30,Female,Kolkata,Medium,Current,90413.0
C0581,Kalpit Raju,60,Male,Hyderabad,Premium,Current,1687840.11
C0582,Kabir Lall,53,Female,Mumbai,Premium,Salary,4124259.65
C0583,Vedant Thakur,41,Female,Bangalore,Low,Salary,44569.97
C0584,Mahika Mishra,33,Male,Hyderabad,Low,Savings,16227.06
C0585,Nisha Biswas,25,Female,Hyderabad,Premium,Current,2347078.1
C0586,Charita Acharya,54,Female,Delhi,Premium,Salary,928365.41
C0587,Janaki Bali,53,Female,Bangalore,High,Current,552128.15
C0588,Aarna Bhasin,44,Male,Chennai,High,Salary,698522.12
C0589,Udyati Munshi,40,Male,Nagpur,Low,Savings,12330.83
C0590,Zayan Kanda,36,Male,Hyderabad,Medium,Current,147738.1
C0591,Ekta Srinivasan,65,Male,Kolkata,Low,Savings,34131.72
C0592,Manya Deol,36,Female,Chennai,Low,Salary,48516.1
C0593,Forum Mall,49,Female,Pune,High,Current,351199.23
C0594,Owen Borde,41,Female,Delhi,Premium,Savings,2948357.61
C0595,Yashvi Sangha,57,Female,Chennai,High,Salary,264862.72
C0596,Wriddhish Sood,43,Female,Pune,Low,Current,16751.61
C0597,Lohit Gandhi,34,Male,Hyderabad,High,Savings,683257.89
C0598,Tejas Deep,64,Female,Bangalore,Premium,Salary,906912.14
C0599,Sanya Gara,40,Female,Nagpur,Premium,Current,2430754.67
C0600,Chaman Mahal,59,Male,Pune,Low,Salary,37101.62
C0601,Logan Keer,64,Female,Chennai,Premium,Savings,4330682.52
C0602,Januja Banik,40,Male,Kolkata,Medium,Savings,161137.83
C0603,Warjas Jha,65,Female,Delhi,Medium,Savings,103292.51
C0604,Anirudh Sane,48,Female,Pune,High,Current,551342.42
C0605,Bhavya Deep,29,Female,Mumbai,Premium,Salary,3251013.4
C0606,Pushti Ratti,52,Male,Delhi,Low,Salary,22175.11
C0607,Hemang Salvi,48,Male,Bangalore,High,Savings,795408.71
C0608,Aditya Gopal,48,Female,Bangalore,High,Current,717436.37
C0609,Anthony Chander,27,Female,Pune,Medium,Salary,197996.06
C0610,Lucky Banerjee,62,Male,Mumbai,High,Current,364116.72
C0611,Azaan Sabharwal,58,Male,Kolkata,Medium,Savings,69410.89
C0612,Upkaar Chand,62,Female,Nagpur,Premium,Current,4854376.93
C0613,Yasti Rai,22,Male,Hyderabad,Premium,Salary,2367025.9
C0614,Manan Bera,42,Male,Mumbai,Low,Salary,5185.57
C0615,Hemal Rama,36,Female,Chennai,Medium,Savings,65406.23
C0616,Lavanya Nagy,32,Male,Mumbai,High,Current,769078.03
C0617,Wridesh Shan,55,Female,Nagpur,Premium,Salary,4980984.12
C0618,Janya Virk,53,Female,Hyderabad,High,Savings,768850.61
C0619,Fiyaz Nayak,23,Male,Hyderabad,Premium,Salary,4936494.0
C0620,Vrishti Shukla,23,Male,Delhi,Medium,Current,156666.51
C0621,Henry Dhar,46,Female,Mumbai,Low,Salary,49760.61
C0622,Nilima Gaba,63,Male,Mumbai,Low,Salary,10210.54
C0623,Jagat Karpe,46,Male,Chennai,Premium,Current,3747846.5
C0624,Tristan Kale,65,Male,Chennai,Medium,Current,149249.69
C0625,Ojas Sibal,61,Male,Nagpur,High,Savings,506950.87
C0626,Samesh Narayanan,40,Male,Delhi,Low,Current,13939.1
C0627,Hemal Kuruvilla,38,Male,Pune,Medium,Salary,111463.43
C0628,Baghyawati Kala,24,Female,Hyderabad,Medium,Salary,189968.65
C0629,Vanya Murthy,37,Male,Mumbai,High,Salary,253401.7
C0630,Yash Baral,58,Female,Bangalore,Low,Savings,40078.68
C0631,Zayyan Sule,28,Female,Hyderabad,Low,Current,49489.97
C0632,Bhavna Nayak,38,Female,Mumbai,High,Savings,687907.05
C0633,Shravya Bose,40,Female,Pune,Low,Current,38234.31
C0634,Orinder Barad,24,Male,Bangalore,Low,Salary,34123.94
C0635,Chandani Bassi,44,Female,Chennai,High,Salary,255770.79
C0636,Lohit Natt,33,Male,Nagpur,High,Current,777385.96
C0637,Eiravati Nayar,46,Female,Nagpur,High,Salary,731674.33
C0638,Abhimanyu Barman,29,Male,Mumbai,Medium,Savings,65556.97
C0639,Ijaya Palan,58,Female,Bangalore,Premium,Salary,2394953.27
C0640,Fitan Andra,61,Male,Bangalore,High,Current,752238.79
C0641,Kamya Sharaf,48,Female,Mumbai,Low,Savings,16772.58
C0642,Anamika Kari,22,Male,Pune,High,Salary,513861.91
C0643,Bakhshi Naidu,49,Male,Kolkata,Low,Current,34866.98
C0644,Vanya Sathe,31,Male,Mumbai,Premium,Salary,4724359.97
C0645,Shivansh Rao,53,Male,Delhi,Premium,Current,2146662.03
C0646,Ekapad Om,39,Male,Hyderabad,High,Salary,585990.39
C0647,Vedant Dave,37,Male,Kolkata,Premium,Current,4165297.41
C0648,Ikbal Chadha,27,Female,Kolkata,Premium,Current,1298568.78
C0649,Panini Sankar,63,Male,Delhi,Premium,Current,2531821.9
C0650,Imaran Das,27,Female,Hyderabad,Low,Salary,35216.35
C0651,Abha Khare,45,Male,Hyderabad,High,Current,399183.58
C0652,Aishani Mittal,64,Female,Kolkata,Premium,Savings,1209235.49
C0653,Balendra Chatterjee,22,Female,Pune,Medium,Salary,194665.05
C0654,Agastya Palla,57,Female,Delhi,High,Savings,738126.27
C0655,Radhika Bala,30,Female,Delhi,Premium,Current,3365577.42
C0656,Nihal Kaur,29,Female,Hyderabad,Medium,Current,173683.12
C0657,Zashil Kashyap,43,Male,Nagpur,Medium,Savings,188993.98
C0658,Sara Memon,50,Female,Bangalore,Low,Current,5195.19
C0659,Udyati Sundaram,57,Female,Kolkata,Low,Salary,40148.67
C0660,Simon Chakraborty,59,Male,Bangalore,Medium,Savings,108110.84
C0661,Viraj Bajaj,54,Female,Nagpur,High,Salary,749546.15
C0662,Wyatt Mand,39,Female,Pune,Medium,Current,117926.86
C0663,Andrew Padmanabhan,30,Female,Chennai,Medium,Salary,132170.9
C0664,Aahana Barad,57,Male,Hyderabad,High,Savings,574500.55
C0665,Zarna Chhabra,65,Female,Bangalore,High,Salary,590051.83
C0666,Hredhaan Sha,54,Female,Delhi,Medium,Current,134342.03
C0667,Hamsini Yadav,65,Female,Nagpur,Premium,Savings,2995465.94
C0668,Bhavna Shan,46,Male,Mumbai,Low,Salary,7547.21
C0669,Nidhi Konda,32,Female,Chennai,High,Savings,703629.09
C0670,Tejas Suresh,35,Male,Pune,High,Current,261488.0
C0671,Indrajit Sama,63,Female,Hyderabad,Medium,Salary,167646.08
C0672,Logan Rege,64,Male,Nagpur,High,Current,449939.74
C0673,Adya Bhalla,57,Male,Mumbai,High,Salary,350804.68
C0674,Janani Saini,36,Female,Hyderabad,Premium,Salary,4850017.26
C0675,Raagini Raval,50,Male,Delhi,High,Savings,777485.15
C0676,Faqid Warrior,46,Male,Nagpur,Low,Current,30046.94
C0677,Harsh Agate,32,Female,Mumbai,Medium,Current,119949.7
C0678,Anita Issac,24,Male,Pune,Medium,Salary,57628.32
C0679,Henry Pandya,53,Female,Delhi,High,Salary,390715.4
C0680,Januja Kala,33,Male,Bangalore,Medium,Current,131462.02
C0681,Zilmil Chandra,27,Female,Hyderabad,Premium,Savings,3586004.8
C0682,Kamala Kara,45,Female,Hyderabad,High,Salary,518299.34
C0683,Alka Narasimhan,29,Female,Kolkata,Low,Savings,45702.34
C0684,Patrick Goyal,24,Female,Nagpur,Medium,Savings,107881.39
C0685,Pranit Kanda,23,Female,Kolkata,High,Current,226311.0
C0686,Pavani Tata,42,Male,Delhi,Medium,Savings,195744.32
C0687,Benjamin Gill,62,Male,Hyderabad,Low,Salary,33328.15
C0688,Bhavna Bhandari,65,Female,Delhi,Medium,Savings,130663.13
C0689,Pratyush Agrawal,63,Male,Bangalore,Premium,Savings,2728745.99
C0690,Ikbal Verma,24,Male,Delhi,High,Savings,306795.3
C0691,Udarsh Ratta,57,Male,Hyderabad,High,Current,444579.67
C0692,Urvashi Kuruvilla,62,Female,Nagpur,Premium,Current,870942.07
C0693,Anika Warrior,56,Male,Delhi,Low,Salary,31352.36
C0694,Girik Prabhu,44,Male,Chennai,Low,Salary,18560.78
C0695,Anay Warrior,40,Female,Nagpur,Low,Current,41995.51
C0696,Anya Chakrabarti,52,Male,Hyderabad,Low,Savings,38603.93
C0697,Darpan Shanker,62,Male,Chennai,High,Salary,732186.87
C0698,Ira Jain,22,Male,Delhi,High,Savings,203017.9
C0699,Mitesh Chakrabarti,56,Male,Chennai,Premium,Savings,3942845.66
C0700,Urvashi Balakrishnan,35,Female,Bangalore,High,Savings,310395.63
C0701,Jason Ganesh,34,Male,Bangalore,High,Salary,679796.03
C0702,Vamakshi Vyas,57,Female,Delhi,Low,Current,35225.84
C0703,Panini Sachar,28,Male,Kolkata,High,Current,414283.02
C0704,Udant Mukhopadhyay,28,Female,Delhi,Medium,Savings,97667.89
C0705,Oviya Vasa,43,Female,Bangalore,Premium,Salary,3180819.95
C0706,Ikbal Bora,49,Male,Mumbai,High,Current,347705.08
C0707,Advaith Setty,63,Female,Chennai,Medium,Current,70145.87
C0708,Abdul Hegde,52,Female,Kolkata,High,Current,664860.18
C0709,Theodore Ramachandran,57,Male,Bangalore,Premium,Salary,3347836.2
C0710,Chakrika Devi,30,Male,Chennai,High,Salary,731801.5
C0711,Hemangini Seth,26,Male,Mumbai,Low,Salary,31050.54
C0712,Ojasvi Talwar,24,Female,Kolkata,Medium,Salary,166279.59
C0713,Lohit Manne,47,Male,Chennai,High,Savings,478820.69
C0714,Jai Jha,47,Female,Mumbai,Low,Salary,15749.64
C0715,Aahana Palan,54,Male,Kolkata,Medium,Savings,76871.78
C0716,Vritti Mannan,52,Female,Mumbai,Medium,Savings,164220.86
C0717,Tristan Balasubramanian,26,Female,Pune,Medium,Savings,56421.27
C0718,Isha Menon,55,Female,Nagpur,Medium,Current,187685.29
C0719,Siya Balan,24,Female,Delhi,Low,Salary,48579.86
C0720,Qushi Murty,38,Male,Nagpur,High,Salary,427111.11
C0721,Ekantika Natarajan,55,Female,Nagpur,Low,Savings,28236.73
C0722,Ekanta Tailor,44,Female,Kolkata,High,Salary,203958.61
C0723,Udarsh Kurian,50,Male,Hyderabad,Medium,Savings,127181.19
C0724,Anthony Walla,35,Male,Bangalore,High,Savings,417333.77
C0725,Avni Balan,64,Male,Nagpur,Low,Current,37411.5
C0726,Chakrika Chaudry,65,Female,Kolkata,Premium,Savings,3281321.77
C0727,Jagrati Dutt,23,Male,Mumbai,Premium,Savings,3208643.35
C0728,Oviya Sachdev,30,Male,Bangalore,Medium,Savings,74951.2
C0729,Jeremiah Kala,55,Female,Mumbai,Medium,Salary,159196.15
C0730,Ijaya Shenoy,27,Male,Kolkata,High,Salary,795665.49
C0731,Hemani Swamy,32,Male,Nagpur,Premium,Salary,1399390.98
C0732,Lakshmi Tak,61,Female,Bangalore,Medium,Salary,152838.67
C0733,Ganga Gour,60,Male,Hyderabad,Premium,Current,2418939.91
C0734,Damini Chand,23,Male,Nagpur,Low,Savings,32248.0
C0735,Caleb Dua,52,Male,Delhi,Medium,Savings,122336.14
C0736,Rayaan Saini,60,Male,Nagpur,Medium,Salary,113102.6
C0737,Ekta Salvi,55,Female,Hyderabad,Low,Current,40530.0
C0738,Dalaja Grewal,44,Male,Nagpur,Premium,Savings,1868975.72
C0739,Eiravati Prashad,27,Female,Nagpur,Medium,Current,78353.15
C0740,Vrishti Sangha,58,Male,Mumbai,Low,Current,34454.58
C0741,Jalsa Hayre,48,Female,Delhi,High,Savings,455642.95
C0742,Samarth Samra,38,Female,Pune,High,Salary,365336.33
C0743,Darsh Arya,35,Female,Kolkata,Premium,Savings,2354894.47
C0744,Zashil Majumdar,38,Female,Pune,Premium,Salary,2472144.96
C0745,Bhanumati Aurora,64,Male,Hyderabad,Medium,Current,167466.39
C0746,Daksha Sagar,28,Male,Nagpur,Medium,Current,170128.06
C0747,Deepa Grover,32,Female,Mumbai,Low,Savings,42046.5
C0748,Rajata Andra,60,Female,Delhi,Premium,Savings,1904986.39
C0749,Maanav Desai,27,Male,Nagpur,High,Current,568379.35
C0750,Rachita Comar,60,Male,Bangalore,High,Salary,496621.03
C0751,Gayathri Nadig,34,Female,Hyderabad,Low,Savings,40278.18
C0752,Yashawini Prasad,61,Male,Mumbai,Medium,Current,85888.49
C0753,Jairaj Raval,32,Male,Chennai,Low,Current,20890.74
C0754,Anusha Master,47,Male,Mumbai,Premium,Salary,3755212.08
C0755,Dominic Sabharwal,57,Female,Pune,Low,Current,48347.94
C0756,Samar Jhaveri,36,Male,Kolkata,High,Current,544944.03
C0757,Warjas Sampath,33,Female,Delhi,High,Salary,243431.58
C0758,Thomas Lad,43,Male,Chennai,High,Salary,687888.41
C0759,Udarsh Pandit,50,Female,Kolkata,High,Savings,654483.97
C0760,Triveni Walia,65,Female,Mumbai,Premium,Current,1288326.87
C0761,Jack Tandon,46,Male,Hyderabad,Low,Current,23559.17
C0762,Zashil Balasubramanian,55,Male,Chennai,High,Savings,372373.75
C0763,Rudra Pandit,65,Female,Delhi,Premium,Salary,4711864.21
C0764,Aayush Oommen,42,Female,Hyderabad,Premium,Salary,1930118.29
C0765,Falguni Kar,53,Male,Hyderabad,Medium,Salary,86308.48
C0766,Yoshita Kurian,35,Male,Hyderabad,High,Savings,701800.83
C0767,Laban Chand,31,Male,Delhi,High,Savings,605487.27
C0768,Ishanvi Rout,61,Male,Mumbai,Premium,Current,2359025.45
C0769,Arin Garg,53,Female,Kolkata,High,Savings,790636.81
C0770,Eta Doshi,47,Male,Bangalore,High,Savings,515441.27
C0771,Vedika Sidhu,52,Male,Pune,Premium,Current,4413680.55
C0772,Ekavir Wadhwa,51,Male,Kolkata,Medium,Current,153381.58
C0773,Oliver Dasgupta,65,Male,Nagpur,Low,Salary,9533.65
C0774,Udyati Vig,61,Female,Bangalore,High,Salary,357709.42
C0775,Oviya Thakkar,52,Female,Pune,High,Savings,499262.01
C0776,Isha Kamdar,48,Female,Pune,Medium,Current,91944.43
C0777,Qarin Batra,58,Male,Hyderabad,Medium,Savings,158122.32
C0778,Chandresh Lanka,57,Female,Nagpur,Medium,Savings,71876.56
C0779,Ekiya Tata,52,Male,Bangalore,Medium,Current,124939.67
C0780,Fiyaz Bahri,53,Female,Chennai,High,Salary,715101.19
C0781,Alexander Tripathi,47,Male,Bangalore,Low,Savings,14696.03
C0782,Fiyaz Bhakta,52,Male,Kolkata,High,Salary,400793.92
C0783,Lakshmi Dhawan,45,Female,Pune,High,Savings,447056.54
C0784,Neha Bansal,65,Male,Bangalore,High,Current,413065.42
C0785,Viraj Salvi,50,Male,Nagpur,Premium,Salary,2003399.02
C0786,Ikbal Dhar,32,Female,Nagpur,Medium,Salary,141846.52
C0787,Frado Naidu,26,Male,Bangalore,Premium,Current,1758515.35
C0788,Naveen Sami,63,Female,Chennai,High,Salary,586786.58
C0789,Ekanta Upadhyay,50,Female,Kolkata,High,Current,300390.86
C0790,Samar Hayer,30,Male,Chennai,Low,Salary,36531.36
C0791,Veer Koshy,35,Male,Nagpur,Low,Savings,9299.92
C0792,Mekhala Ramesh,57,Male,Mumbai,Premium,Current,3000727.72
C0793,Bhavna Bahri,28,Female,Bangalore,Low,Savings,34467.47
C0794,Bhavika Sandal,41,Male,Hyderabad,Premium,Salary,1993536.18
C0795,Gagan Sunder,30,Male,Mumbai,Medium,Savings,149532.37
C0796,Riya Reddy,52,Female,Chennai,High,Salary,466906.96
C0797,Adya Walla,59,Female,Nagpur,Medium,Salary,145967.98
C0798,Arin Sura,44,Female,Hyderabad,High,Savings,465116.18
C0799,Imaran Nagi,48,Female,Bangalore,High,Current,206333.49
C0800,Saumya Mannan,44,Female,Kolkata,Medium,Salary,51247.57
C0801,Nidra Dani,52,Female,Mumbai,Premium,Current,4151452.06
C0802,Suhani Singh,22,Female,Hyderabad,Medium,Current,182324.31
C0803,Sathvik Anand,47,Male,Bangalore,Premium,Salary,3895894.99
C0804,Tanay Reddy,46,Male,Chennai,Premium,Savings,2573405.41
C0805,Anjali Mital,55,Female,Chennai,Medium,Salary,161439.03
C0806,Ekalinga Hora,48,Male,Delhi,High,Savings,281974.42
C0807,Bahadurjit Modi,62,Female,Kolkata,Low,Current,36521.27
C0808,Vincent Radhakrishnan,34,Female,Mumbai,Premium,Savings,1008454.7
C0809,Gautami Chaudhry,33,Male,Chennai,Low,Current,10626.76
C0810,Yasti Chawla,22,Male,Delhi,Premium,Savings,861844.36
C0811,Reva Modi,43,Female,Chennai,Medium,Current,199694.52
C0812,Anusha Goda,24,Female,Delhi,Premium,Savings,1035361.05
C0813,Sneha Andra,26,Female,Bangalore,Premium,Savings,4561935.71
C0814,Ekansh Loyal,46,Male,Delhi,High,Salary,349377.42
C0815,Aadi Setty,37,Male,Hyderabad,Premium,Current,3888355.67
C0816,Elijah Parikh,55,Male,Kolkata,Low,Current,35664.9
C0817,Idika Master,42,Male,Mumbai,High,Salary,762452.55
C0818,Zinal Merchant,38,Female,Chennai,Low,Savings,21219.2
C0819,Kashish Mitra,64,Male,Delhi,Low,Savings,33480.9
C0820,Akshay Shanker,22,Male,Chennai,High,Salary,271789.76
C0821,Liam Tiwari,22,Male,Kolkata,Medium,Salary,139431.84
C0822,Abha Hora,27,Male,Bangalore,High,Current,254840.93
C0823,Mohini Padmanabhan,62,Male,Mumbai,High,Current,586744.94
C0824,Champak Deep,30,Female,Hyderabad,Low,Current,49175.41
C0825,Matthew Maharaj,50,Male,Mumbai,High,Salary,426661.36
C0826,Mitali Dixit,38,Male,Kolkata,Medium,Salary,115625.0
C0827,Jack Basu,56,Female,Hyderabad,High,Salary,311976.04
C0828,Victor Narasimhan,42,Female,Chennai,High,Salary,748684.4
C0829,Dayita Doshi,26,Male,Kolkata,Medium,Current,172912.78
C0830,Chatresh Khurana,51,Male,Nagpur,High,Salary,311320.57
C0831,Aachal Gera,61,Female,Hyderabad,Low,Current,37445.16
C0832,Irya Lalla,34,Female,Bangalore,Premium,Salary,1989142.15
C0833,Devansh Gade,63,Female,Delhi,Premium,Savings,2997442.26
C0834,Devika Kara,24,Male,Bangalore,Low,Savings,14093.56
C0835,Max Palla,34,Male,Mumbai,Premium,Salary,3495357.01
C0836,Nathaniel Mishra,64,Female,Chennai,Premium,Savings,2338686.88
C0837,Tejas Kadakia,22,Male,Kolkata,Low,Savings,26062.66
C0838,Pooja Mistry,45,Female,Pune,Low,Salary,7623.5
C0839,Aachal Pingle,55,Male,Delhi,High,Current,246761.22
C0840,Wridesh Sule,55,Male,Delhi,Medium,Salary,84652.7
C0841,Victor Khanna,34,Male,Hyderabad,Premium,Salary,3426365.22
C0842,Vyanjana Chakraborty,57,Female,Delhi,Medium,Salary,136484.55
C0843,Triveni Raja,64,Female,Delhi,Premium,Savings,4128338.71
C0844,Janaki Dhingra,54,Female,Bangalore,Premium,Salary,4993421.0
C0845,Jatin Chana,44,Female,Pune,Premium,Current,2531841.83
C0846,Ekaraj Biswas,42,Male,Hyderabad,Premium,Current,4015974.52
C0847,Maanas Batta,45,Female,Kolkata,High,Current,200117.38
C0848,Atharv Murty,40,Male,Bangalore,Low,Current,5295.6
C0849,Anay Dey,35,Female,Mumbai,Medium,Salary,173350.62
C0850,Zilmil Ranganathan,28,Male,Kolkata,Medium,Current,73416.07
C0851,Mitali Gola,45,Male,Hyderabad,High,Current,686644.54
C0852,Zehaan Sidhu,58,Female,Hyderabad,Low,Salary,8474.07
C0853,Wahab Yohannan,52,Male,Kolkata,High,Salary,621708.74
C0854,Mohini Roy,60,Female,Mumbai,Low,Salary,41375.35
C0855,Noah Rana,27,Male,Pune,Premium,Current,4495128.51
C0856,Meera Singhal,48,Male,Hyderabad,Premium,Salary,3541672.57
C0857,Orinder Singh,62,Female,Mumbai,Low,Current,28597.25
C0858,Ethan Venkataraman,56,Male,Pune,High,Salary,618661.19
C0859,Mason Kanda,25,Female,Kolkata,Medium,Salary,136288.23
C0860,Laksh Pradhan,36,Female,Chennai,Low,Current,11660.56
C0861,Odika Ganesan,27,Female,Mumbai,High,Salary,439514.78
C0862,Umang Srivastava,47,Female,Bangalore,Low,Savings,26641.51
C0863,Aishani Samra,53,Female,Hyderabad,Medium,Salary,142399.53
C0864,Umang Sinha,37,Male,Chennai,Medium,Current,98511.75
C0865,Dalaja Bhattacharyya,29,Female,Nagpur,Low,Current,20673.85
C0866,Indira Chaudhari,44,Male,Chennai,High,Savings,792591.15
C0867,Zehaan Ghose,61,Male,Kolkata,Premium,Savings,4681695.47
C0868,Anirudh Prabhakar,34,Female,Bangalore,Medium,Salary,177914.62
C0869,Ikshita Sahni,25,Male,Bangalore,Low,Current,5618.0
C0870,Faras Dave,41,Female,Kolkata,Low,Savings,19934.45
C0871,Chatura Mangal,35,Female,Kolkata,Medium,Salary,159488.54
C0872,Raksha Ahluwalia,64,Male,Nagpur,Medium,Salary,185906.04
C0873,Balvan Randhawa,38,Male,Mumbai,Low,Current,14031.32
C0874,Charita Raghavan,25,Female,Mumbai,High,Savings,433187.09
C0875,Januja Dugal,64,Female,Delhi,High,Savings,375497.35
C0876,Naveen Munshi,36,Female,Delhi,Premium,Current,2835581.04
C0877,Triya Kar,33,Male,Kolkata,Low,Salary,46685.75
C0878,Udarsh Grewal,24,Male,Chennai,Low,Current,27046.98
C0879,Caleb Bali,23,Female,Pune,Medium,Current,143784.65
C0880,Gunbir Mane,54,Female,Mumbai,Medium,Salary,88651.9
C0881,Bhavini Merchant,23,Female,Hyderabad,Premium,Savings,2235501.84
C0882,Yug Johal,64,Male,Delhi,Premium,Salary,2405269.91
C0883,Keya Rattan,48,Male,Bangalore,Medium,Current,195580.58
C0884,Irya Dayal,50,Male,Hyderabad,High,Salary,283145.92
C0885,Sarthak Bains,30,Female,Bangalore,Medium,Current,199352.87
C0886,Tanish Mohanty,63,Male,Pune,Medium,Savings,133601.04
C0887,Utkarsh Luthra,33,Female,Bangalore,Low,Salary,6326.75
C0888,Gagan Nadkarni,48,Female,Chennai,High,Current,647365.84
C0889,Waida D’Alia,31,Male,Delhi,High,Savings,310847.9
C0890,Viraj Chauhan,60,Male,Hyderabad,High,Savings,612426.73
C0891,Widisha Gour,27,Female,Bangalore,High,Salary,707682.94
C0892,Aditya Rajan,63,Female,Bangalore,Premium,Current,2864071.51
C0893,Xalak Pandey,32,Male,Hyderabad,Medium,Savings,111288.37
C0894,Libni Pall,39,Female,Hyderabad,Low,Salary,35210.26
C0895,Yachana Chopra,35,Male,Bangalore,Medium,Current,180069.35
C0896,Jason Varghese,42,Female,Hyderabad,Premium,Current,2500440.43
C0897,Geetika Misra,60,Female,Pune,Low,Current,32517.72
C0898,Ekalinga Lata,55,Male,Kolkata,Low,Current,42215.45
C0899,Maanas Sagar,37,Female,Mumbai,Low,Salary,22432.9
C0900,Balhaar Thakkar,34,Female,Kolkata,Low,Current,44797.89
C0901,Vivaan Gera,51,Male,Nagpur,High,Current,567880.57
C0902,Zayan Chauhan,55,Male,Kolkata,Low,Salary,25326.41
C0903,Geetika Naik,33,Male,Nagpur,Low,Current,19555.74
C0904,Anika Borde,33,Female,Hyderabad,Low,Current,9058.08
C0905,Ayush Golla,63,Male,Delhi,High,Savings,268498.96
C0906,Udarsh Kalita,62,Female,Delhi,Premium,Salary,3770572.3
C0907,Yatan Dada,46,Female,Mumbai,Medium,Savings,186837.92
C0908,Pranav Vora,32,Male,Bangalore,Medium,Salary,57696.57
C0909,Amara Memon,41,Female,Chennai,High,Salary,308417.62
C0910,Neha Kari,34,Male,Chennai,Medium,Savings,118796.4
C0911,Anthony Bhargava,56,Male,Kolkata,Premium,Savings,1710870.14
C0912,Anthony Babu,51,Female,Kolkata,Premium,Savings,3325109.58
C0913,Reyansh Varty,37,Female,Hyderabad,Low,Savings,13317.8
C0914,Zaitra Maharaj,63,Female,Mumbai,Low,Savings,43422.32
C0915,Udyati Gola,43,Male,Mumbai,High,Savings,450174.15
C0916,Yasti Gopal,32,Female,Bangalore,Medium,Current,162400.22
C0917,Ekaja Master,24,Male,Chennai,High,Current,421141.66
C0918,Andrew Dixit,26,Female,Delhi,Premium,Current,2777430.75
C0919,Hritik Varkey,39,Female,Nagpur,Low,Salary,14443.04
C0920,Avni Sood,61,Male,Delhi,Medium,Salary,159459.28
C0921,Wakeeta Chand,52,Female,Nagpur,Low,Salary,43150.91
C0922,Noah Jaggi,55,Female,Bangalore,High,Salary,537580.6
C0923,Aryan Doshi,53,Male,Hyderabad,Premium,Salary,2020049.87
C0924,Dayita Bahl,22,Male,Mumbai,Medium,Current,143819.11
C0925,Megha Rai,35,Female,Nagpur,Low,Savings,20020.65
C0926,Zehaan Sarma,22,Male,Chennai,Medium,Current,168529.33
C0927,Eiravati Dubey,41,Female,Mumbai,High,Savings,611501.47
C0928,Harsh Swaminathan,47,Male,Bangalore,High,Savings,398308.9
C0929,Ishani Sachdev,65,Female,Kolkata,High,Savings,587391.33
C0930,Wahab Gole,31,Female,Pune,Premium,Current,4092753.94
C0931,Charan Mahal,25,Female,Pune,Premium,Salary,3050719.0
C0932,Vrinda Kumar,58,Female,Pune,Medium,Savings,195441.99
C0933,Jonathan Sood,23,Female,Nagpur,High,Salary,520563.91
C0934,Praneel Sawhney,58,Female,Bangalore,Medium,Salary,67526.7
C0935,Meghana Nath,42,Male,Chennai,High,Current,252078.67
C0936,Falguni Char,45,Female,Chennai,Medium,Savings,128765.06
C0937,Tanay Palla,29,Female,Mumbai,Medium,Savings,187003.08
C0938,Lekha Shetty,54,Male,Kolkata,Premium,Salary,1447126.66
C0939,Advay Jain,52,Female,Pune,High,Savings,661688.84
C0940,Fiyaz Bera,55,Male,Hyderabad,Low,Salary,6644.86
C0941,Amrita Bath,55,Male,Mumbai,Premium,Current,4715816.84
C0942,Harsh Setty,43,Female,Mumbai,Low,Savings,28426.0
C0943,Vincent Menon,23,Female,Hyderabad,High,Current,320333.31
C0944,Azad Wali,39,Female,Kolkata,High,Salary,270590.5
C0945,Balvan Comar,32,Female,Delhi,Medium,Savings,193744.71
C0946,Tanveer Chandran,35,Female,Pune,Low,Current,11370.06
C0947,Frado Krishnan,58,Male,Bangalore,High,Savings,386826.54
C0948,Tanvi Guha,56,Female,Mumbai,High,Savings,217395.61
C0949,Mitali Seshadri,28,Female,Mumbai,Low,Savings,24190.96
C0950,Indrajit Das,60,Female,Pune,Medium,Current,99849.81
C0951,Sneha Mammen,64,Male,Kolkata,Medium,Salary,69769.29
C0952,Anirudh Raghavan,28,Female,Chennai,Premium,Salary,3506558.16
C0953,Zinal Sagar,52,Male,Hyderabad,Premium,Savings,4416604.36
C0954,Zarna Tailor,45,Female,Bangalore,High,Salary,750358.65
C0955,Abhiram Mitter,42,Female,Kolkata,High,Savings,239219.12
C0956,Udant Savant,44,Female,Kolkata,Low,Savings,17701.58
C0957,Kavya Subramanian,60,Male,Delhi,High,Current,690531.74
C0958,Kiaan Butala,42,Male,Chennai,Low,Salary,25743.87
C0959,Ranbir Swaminathan,37,Male,Bangalore,Premium,Current,2412029.13
C0960,Xalak Nigam,35,Female,Nagpur,High,Salary,672396.06
C0961,Jack Keer,33,Male,Kolkata,Medium,Savings,138824.47
C0962,Nidhi Chandra,42,Male,Kolkata,Premium,Savings,2093750.04
C0963,Chandresh Savant,26,Male,Nagpur,Premium,Current,2876039.62
C0964,Triveni Tripathi,27,Male,Bangalore,Low,Salary,45646.52
C0965,Bimala Bath,31,Male,Kolkata,Low,Salary,18117.65
C0966,Gaurav Guha,34,Male,Pune,Premium,Current,3195160.91
C0967,Kevin Kalla,49,Female,Delhi,High,Salary,204871.55
C0968,Chakrika Sastry,30,Female,Mumbai,Premium,Current,4584517.92
C0969,Jagat Sood,22,Female,Delhi,Low,Current,43955.58
C0970,Wriddhish Nath,49,Female,Pune,Medium,Salary,107418.44
C0971,Pallavi Luthra,49,Male,Bangalore,Premium,Current,1384089.24
C0972,Waida Bansal,45,Female,Bangalore,Premium,Current,4989315.38
C0973,Tanay Das,30,Male,Delhi,Medium,Salary,52356.17
C0974,Vritti Mander,64,Female,Bangalore,Premium,Savings,1376325.13
C0975,Urmi Bava,51,Female,Bangalore,Premium,Current,2939542.64
C0976,Vedhika Viswanathan,46,Female,Hyderabad,Premium,Savings,2584041.8
C0977,Nachiket Rau,58,Female,Hyderabad,Low,Salary,27577.8
C0978,Manya Shukla,56,Female,Mumbai,Premium,Savings,3186228.23
C0979,Lipika Sharaf,29,Female,Delhi,High,Savings,638111.28
C0980,Bhavika Kar,51,Male,Delhi,High,Savings,483470.94
C0981,Qasim Dhillon,65,Female,Mumbai,Low,Current,29076.5
C0982,Janaki Bal,52,Female,Kolkata,Low,Salary,38021.65
C0983,Yashvi Desai,44,Female,Chennai,Premium,Savings,948370.21
C0984,Yachana Kari,58,Female,Mumbai,High,Salary,483896.32
C0985,Chandresh Sami,58,Male,Chennai,Medium,Salary,143647.55
C0986,Rushil Koshy,53,Male,Bangalore,High,Salary,246117.36
C0987,Nitesh Aggarwal,38,Male,Chennai,High,Current,714715.03
C0988,Avni Dube,29,Male,Bangalore,Low,Salary,25099.39
C0989,Baljiwan Khatri,38,Male,Kolkata,Medium,Savings,169905.8
C0990,Ayaan Varty,43,Male,Bangalore,Low,Salary,47027.38
C0991,Gaurang Oommen,53,Female,Nagpur,Medium,Savings,149100.09
C0992,Ridhi Guha,35,Female,Mumbai,Medium,Salary,89659.32
C0993,Aadi Pall,25,Male,Kolkata,Low,Current,26430.44
C0994,Max Iyer,56,Male,Nagpur,Premium,Salary,3763552.78
C0995,George Jaggi,38,Male,Nagpur,Premium,Savings,2012927.33
C0996,Raghav Chahal,46,Female,Mumbai,Premium,Savings,4654390.99
C0997,Chaaya Kuruvilla,49,Female,Pune,High,Current,360252.69
C0998,Girik Khatri,38,Female,Kolkata,Low,Salary,38709.09
C0999,Harsh Kothari,55,Female,Bangalore,Medium,Current,132141.88
C1000,Gauri Apte,26,Male,Nagpur,Low,Savings,28636.89
